[
  {
    "comments": [
      {
        "line": 1,
        "value": "#Author: Arun.sharma24@gmail.com"
      }
    ],
    "line": 2,
    "elements": [
      {
        "before": [
          {
            "result": {
              "duration": 341772200,
              "status": "passed"
            },
            "match": {
              "location": "PL_Aggregator.StatupConfig()"
            }
          }
        ],
        "line": 13,
        "name": "Validate Response Code all requests",
        "description": "",
        "id": "validate-apigee-endpoints;validate-response-code-all-requests;validate-apigee-requests;2",
        "after": [
          {
            "result": {
              "duration": 498000200,
              "status": "passed"
            },
            "match": {
              "location": "PL_Aggregator.TearDown()"
            }
          }
        ],
        "type": "scenario",
        "keyword": "Scenario Outline",
        "steps": [
          {
            "result": {
              "duration": 1061163699,
              "status": "passed"
            },
            "line": 7,
            "name": "A URI under sheet \"apigee\" from column \"2\" and \"3\" through 1",
            "match": {
              "arguments": [
                {
                  "val": "apigee",
                  "offset": 19
                },
                {
                  "val": "2",
                  "offset": 40
                },
                {
                  "val": "3",
                  "offset": 48
                },
                {
                  "val": "1",
                  "offset": 59
                }
              ],
              "location": "PL_Aggregator.a_URI_under_sheet_from_column_through(String,int,int,int)"
            },
            "matchedColumns": [
              0
            ],
            "keyword": "Given "
          },
          {
            "result": {
              "duration": 4923224001,
              "status": "passed"
            },
            "line": 8,
            "name": "Perform API request",
            "match": {
              "location": "PL_Aggregator.perform_API_request()"
            },
            "keyword": "When "
          },
          {
            "result": {
              "duration": 5407200,
              "status": "passed"
            },
            "line": 9,
            "name": "verify the ResponseCode from column \"5\"",
            "match": {
              "arguments": [
                {
                  "val": "5",
                  "offset": 37
                }
              ],
              "location": "PL_Aggregator.verify_the_ResponseCode_from_column(int)"
            },
            "keyword": "Then "
          }
        ],
        "tags": [
          {
            "line": 5,
            "name": "@smoke"
          },
          {
            "line": 5,
            "name": "@regression"
          },
          {
            "line": 5,
            "name": "@sanity"
          }
        ]
      },
      {
        "before": [
          {
            "result": {
              "duration": 3355201,
              "status": "passed"
            },
            "match": {
              "location": "PL_Aggregator.StatupConfig()"
            }
          }
        ],
        "line": 14,
        "name": "Validate Response Code all requests",
        "description": "",
        "id": "validate-apigee-endpoints;validate-response-code-all-requests;validate-apigee-requests;3",
        "after": [
          {
            "result": {
              "duration": 206098500,
              "status": "passed"
            },
            "match": {
              "location": "PL_Aggregator.TearDown()"
            }
          }
        ],
        "type": "scenario",
        "keyword": "Scenario Outline",
        "steps": [
          {
            "result": {
              "duration": 24593600,
              "status": "passed"
            },
            "line": 7,
            "name": "A URI under sheet \"apigee\" from column \"2\" and \"3\" through 2",
            "match": {
              "arguments": [
                {
                  "val": "apigee",
                  "offset": 19
                },
                {
                  "val": "2",
                  "offset": 40
                },
                {
                  "val": "3",
                  "offset": 48
                },
                {
                  "val": "2",
                  "offset": 59
                }
              ],
              "location": "PL_Aggregator.a_URI_under_sheet_from_column_through(String,int,int,int)"
            },
            "matchedColumns": [
              0
            ],
            "keyword": "Given "
          },
          {
            "result": {
              "duration": 1986330500,
              "status": "passed"
            },
            "line": 8,
            "name": "Perform API request",
            "match": {
              "location": "PL_Aggregator.perform_API_request()"
            },
            "keyword": "When "
          },
          {
            "result": {
              "duration": 26318501,
              "status": "passed"
            },
            "line": 9,
            "name": "verify the ResponseCode from column \"5\"",
            "match": {
              "arguments": [
                {
                  "val": "5",
                  "offset": 37
                }
              ],
              "location": "PL_Aggregator.verify_the_ResponseCode_from_column(int)"
            },
            "keyword": "Then "
          }
        ],
        "tags": [
          {
            "line": 5,
            "name": "@smoke"
          },
          {
            "line": 5,
            "name": "@regression"
          },
          {
            "line": 5,
            "name": "@sanity"
          }
        ]
      }
    ],
    "name": "Validate APIGEE Endpoints",
    "description": "",
    "id": "validate-apigee-endpoints",
    "keyword": "Feature",
    "uri": "Feature_Repository/PL_Aggregator/PL_Aggregator.feature"
  }
]