[
  {
    "source": "^A URI under sheet \"([^\"]*)\" from column \"([^\"]*)\" and \\\"([^\\\"]*)\\\" through (\\d+)$",
    "steps": [
      {
        "name": "A URI under sheet \"apigee\" from column \"2\" and \"3\" through 1",
        "aggregatedDurations": {
          "average": 1.061163699,
          "median": 1.061163699
        },
        "durations": [
          {
            "duration": 1.061163699,
            "location": "Feature_Repository/PL_Aggregator/PL_Aggregator.feature:7"
          }
        ]
      },
      {
        "name": "A URI under sheet \"apigee\" from column \"2\" and \"3\" through 2",
        "aggregatedDurations": {
          "average": 0.0245936,
          "median": 0.0245936
        },
        "durations": [
          {
            "duration": 0.0245936,
            "location": "Feature_Repository/PL_Aggregator/PL_Aggregator.feature:7"
          }
        ]
      }
    ]
  },
  {
    "source": "^verify the ResponseCode from column \"([^\"]*)\"$",
    "steps": [
      {
        "name": "verify the ResponseCode from column \"5\"",
        "aggregatedDurations": {
          "average": 0.01586285,
          "median": 0.01586285
        },
        "durations": [
          {
            "duration": 0.0054072,
            "location": "Feature_Repository/PL_Aggregator/PL_Aggregator.feature:9"
          },
          {
            "duration": 0.026318501,
            "location": "Feature_Repository/PL_Aggregator/PL_Aggregator.feature:9"
          }
        ]
      }
    ]
  },
  {
    "source": "^Perform API request$",
    "steps": [
      {
        "name": "Perform API request",
        "aggregatedDurations": {
          "average": 3.45477725,
          "median": 3.45477725
        },
        "durations": [
          {
            "duration": 4.923224001,
            "location": "Feature_Repository/PL_Aggregator/PL_Aggregator.feature:8"
          },
          {
            "duration": 1.9863305,
            "location": "Feature_Repository/PL_Aggregator/PL_Aggregator.feature:8"
          }
        ]
      }
    ]
  }
]